<?xml version="1.0" encoding="UTF-8"?>
<beans xmlns="http://www.springframework.org/schema/beans"
	xmlns:xsi="http://www.w3.org/2001/XMLSchema-instance" xmlns:int="http://www.springframework.org/schema/integration"
	xmlns:file="http://www.springframework.org/schema/integration/file"
	xmlns:context="http://www.springframework.org/schema/context" xmlns:p="http://www.springframework.org/schema/p"
	xsi:schemaLocation="http://www.springframework.org/schema/beans
			http://www.springframework.org/schema/beans/spring-beans.xsd
			http://www.springframework.org/schema/integration
			http://www.springframework.org/schema/integration/spring-integration.xsd
			http://www.springframework.org/schema/integration/file
			http://www.springframework.org/schema/integration/file/spring-integration-file.xsd
			http://www.springframework.org/schema/context 
			http://www.springframework.org/schema/context/spring-context.xsd">

	<context:property-placeholder />

	<file:inbound-channel-adapter id="filesIn"
		directory="file:${user.dir}/input" auto-startup="true">
		<int:poller id="poller" fixed-delay="5000">
			<int:transactional transaction-manager="transactionManager"
				synchronization-factory="syncFactory" />
		</int:poller>
	</file:inbound-channel-adapter>

	<int:transaction-synchronization-factory
		id="syncFactory">
		<int:after-commit expression="payload.renameTo('./success/' + payload.name)"
			channel="nullChannel" />
	</int:transaction-synchronization-factory>
	<bean id="transactionManager"
		class="org.springframework.integration.transaction.PseudoTransactionManager" />
	<int:service-activator input-channel="filesIn"
		output-channel="filesOut" ref="handler" />

	<file:outbound-channel-adapter id="filesOut"
		directory="file:${user.dir}/output" auto-create-directory="false"
		mode="FAIL" />

	<bean id="handler" class="com.demo.spring.integration.file.FHandler" />
	<bean id="onlyXMLFiles"
		class="org.springframework.integration.file.config.FileListFilterFactoryBean"
		p:filenamePattern="*.xml" />

	<int:service-activator ref="errorhandler"
		input-channel="errorChannel" />

	<bean id="errorhandler" class="com.demo.spring.integration.file.ErrorHandler" />

	<bean class="com.demo.spring.integration.file.ErrorEventsListener" />
</beans>
